nm,n,k,wl
900,1.6471560800000002,7.393045594,0.9
901,1.6382120978813584,7.4023300768,0.901
902,1.6292931848538879,7.4116145596,0.902
903,1.6203706073857382,7.4208990424,0.903
904,1.6114156319450588,7.4301835252,0.904
905,1.6023995249999998,7.439468008,0.905
906,1.5933078876419557,7.4495308144,0.906
907,1.5841836594553078,7.4595936208,0.907
908,1.575084114647682,7.4696564272,0.908
909,1.5660665274267038,7.4797192336,0.909
910,1.5571881720000003,7.48978204,0.91
911,1.5485059096868157,7.5003586555999995,0.911
912,1.5400749502528779,7.5109352712,0.912
913,1.5319500905755319,7.5215118868,0.913
914,1.524186127532124,7.532088502400001,0.914
915,1.5168378580000001,7.542665118,0.915
916,1.5099224443787793,7.5526564734,0.916
917,1.5033065111571786,7.5626478288,0.917
918,1.4968190483461883,7.5726391842,0.918
919,1.4902890459567986,7.5826305396,0.919
920,1.483545494,7.592621895,0.92
921,1.4764701134460658,7.6036396194,0.921
922,1.4691555491024062,7.6146573438,0.922
923,1.4617471767357135,7.6256750682,0.923
924,1.4543903721126803,7.6366927926,0.924
925,1.447230511,7.647710517,0.925
926,1.4403788913809557,7.6588543656,0.926
927,1.4338105001051955,7.6699982142,0.927
928,1.4274662462389571,7.6811420628,0.928
929,1.4212870388484793,7.6922859114,0.929
930,1.415213787,7.70342976,0.93
931,1.4091959166221104,7.713955275,0.931
932,1.4032169210928112,7.72448079,0.932
933,1.3972688106524571,7.735006305,0.933
934,1.391343595541402,7.74553182,0.934
935,1.385433286,7.756057335,0.935
936,1.3795280061146038,7.767339055200001,0.936
937,1.37361033535556,7.7786207754,0.937
938,1.3676609670392152,7.7899024956,0.938
939,1.3616605944819131,7.801184215799999,0.939
940,1.3555899110000003,7.812465936,0.94
941,1.349448640775475,7.8243929076,0.941
942,1.3433126314529487,7.8363198791999995,0.942
943,1.3372767615426848,7.8482468508,0.943
944,1.3314359095549477,7.860173822399999,0.944
945,1.325884954,7.872100794,0.945
946,1.320689694127496,7.8834250318,0.946
947,1.3157996121446447,7.8947492696,0.947
948,1.3111351109980456,7.9060735073999995,0.948
949,1.3066165936342977,7.9173977452,0.949
950,1.3021644630000002,7.928721983,0.95
951,1.2977165226905412,7.9400391306,0.951
952,1.2932801788964714,7.9513562782,0.952
953,1.2888802384571314,7.9626734258,0.953
954,1.2845415082118605,7.9739905734,0.954
955,1.280288795,7.985307721,0.955
956,1.2761355729103383,7.9974324708,0.956
957,1.2720499850294673,8.0095572206,0.957
958,1.267988841693427,8.0216819704,0.958
959,1.2639089532382577,8.0338067202,0.959
960,1.25976713,8.04593147,0.96
961,1.255532989244103,8.057784156,0.961
962,1.2512273759536563,8.069636842,0.962
963,1.2468839420411582,8.081489528,0.963
964,1.2425363394191065,8.093342214,0.964
965,1.23821822,8.1051949,0.965
966,1.2339627631612475,8.1169079956,0.966
967,1.229801258139905,8.1286210912,0.967
968,1.2257645216379385,8.1403341868,0.968
969,1.2218833703573146,8.1520472824,0.969
970,1.218188621,8.163760378,0.97
971,1.2146909136229054,8.1755454764,0.971
972,1.2113201817027226,8.187330574799999,0.972
973,1.2079861820710867,8.1991156732,0.973
974,1.2045986715596337,8.210900771599999,0.974
975,1.201067407,8.22268587,0.975
976,1.1973357308431296,8.2339967592,0.976
977,1.1934813280172039,8.245307648399999,0.977
978,1.1896154690697138,8.2566185376,0.978
979,1.185849424548149,8.267929426799999,0.979
980,1.1822944650000002,8.279240316,0.98
981,1.1790302698045756,8.2910416566,0.981
982,1.1760101536684606,8.302842997199999,0.982
983,1.1731558401300577,8.3146443378,0.983
984,1.1703890527277696,8.3264456784,0.984
985,1.167631515,8.338247019,0.985
986,1.1648245771945667,8.350502553,0.986
987,1.1619880963969524,8.362758087,0.987
988,1.159161556402055,8.375013621,0.988
989,1.1563844410047714,8.387269155,0.989
990,1.153696234,8.399524689,0.99
991,1.151119895001156,8.4111712846,0.991
992,1.1486122868957283,8.4228178802,0.992
993,1.1461137483897221,8.434464475799999,0.993
994,1.1435646181891441,8.446111071399999,0.994
995,1.140905235,8.457757667,0.995
996,1.1380981191928081,8.468525911199999,0.996
997,1.1351945177961342,8.4792941554,0.997
998,1.1322678595030562,8.4900623996,0.998
999,1.1293915730066522,8.5008306438,0.999
1000,1.126639087,8.511598888,1.0
1001,1.1240628470356118,8.523671285199999,1.001
1002,1.121631366103735,8.535743682400001,1.002
1003,1.1192921740540527,8.5478160796,1.003
1004,1.1169928007362468,8.559888476800001,1.004
1005,1.114680776,8.571960874,1.005
1006,1.1123185938167455,8.583552843600001,1.006
1007,1.109928604644926,8.5951448132,1.007
1008,1.1075481230647326,8.6067367828,1.008
1009,1.10521446365636,8.618328752399998,1.009
1010,1.102964941,8.629920722,1.01
1011,1.1008312332014056,8.641439602399998,1.011
1012,1.0988224724685627,8.6529584828,1.012
1013,1.0969421545350173,8.6644773632,1.013
1014,1.0951937751343144,8.675996243600002,1.014
1015,1.09358083,8.687515124,1.015
1016,1.0921036930336327,8.699699811200002,1.016
1017,1.0907502508088245,8.7118844984,1.017
1018,1.0895052680671995,8.724069185600001,1.018
1019,1.0883535095503831,8.736253872799999,1.019
1020,1.08727974,8.74843856,1.02
1021,1.086259908640064,8.760744315399998,1.021
1022,1.085234702624141,8.7730500708,1.022
1023,1.0841359935881862,8.7853558262,1.023
1024,1.0828956531681542,8.797661581600002,1.024
1025,1.081445553,8.809967337,1.025
1026,1.0797394313181115,8.8215453238,1.026
1027,1.077818492750612,8.8331233106,1.027
1028,1.0757458085240559,8.8447012974,1.028
1029,1.0735844498650002,8.8562792842,1.029
1030,1.071397488,8.867857271,1.03
1031,1.0692420038554893,8.878302201399999,1.031
1032,1.0671511171574117,8.8887471318,1.032
1033,1.0651519573315902,8.8991920622,1.033
1034,1.0632716538038451,8.909636992600001,1.034
1035,1.061537336,8.920081923,1.035
1036,1.0599720496199312,8.9317166052,1.036
1037,1.0585825054597409,8.943351287399999,1.037
1038,1.0573713305895842,8.954985969600001,1.038
1039,1.0563411520796184,8.9666206518,1.039
1040,1.0554945970000003,8.978255334,1.04
1041,1.0548158824647849,8.989970281,1.041
1042,1.0542155857636257,9.001685228000001,1.042
1043,1.0535858742300739,9.013400175,1.043
1044,1.052818915197681,9.025115122,1.044
1045,1.0518068759999997,9.036830069,1.045
1046,1.0504751927049285,9.046217183000001,1.046
1047,1.0488823763177573,9.055604297,1.047
1048,1.0471202065781209,9.064991411,1.048
1049,1.0452804632256563,9.074378524999998,1.049
1050,1.043454926,9.083765639,1.05
1051,1.0417252131874994,9.096758896399999,1.051
1052,1.0401322972613458,9.1097521538,1.052
1053,1.0387069892414431,9.122745411199999,1.053
1054,1.0374801001476932,9.1357386686,1.054
1055,1.036482441,9.148731926,1.055
1056,1.0357218006090738,9.15979367,1.056
1057,1.0351138789488596,9.170855414,1.057
1058,1.0345513537841078,9.181917158,1.058
1059,1.0339269028795708,9.192978901999998,1.059
1060,1.033133204,9.204040646,1.06
1061,1.0320998006562043,9.216119031399998,1.061
1062,1.0309036993432164,9.2281974168,1.062
1063,1.0296587723021267,9.2402758022,1.063
1064,1.0284788917740244,9.252354187600002,1.064
1065,1.0274779299999999,9.264432573,1.065
1066,1.0267413550221092,9.2752503134,1.066
1067,1.0262410180862753,9.2860680538,1.067
1068,1.0259203662393863,9.296885794200001,1.068
1069,1.0257228465283315,9.3077035346,1.069
1070,1.025591906,9.318521275,1.07
1071,1.0254746869593583,9.3294416026,1.071
1072,1.0253331127436833,9.3403619302,1.072
1073,1.0251328019483292,9.3512822578,1.073
1074,1.0248393731686498,9.3622025854,1.074
1075,1.024418445,9.373122913,1.075
1076,1.023844009180457,9.384222584400002,1.076
1077,1.0231235500189924,9.3953222558,1.077
1078,1.0222729249672982,9.4064219272,1.078
1079,1.0213079914770695,9.417521598599999,1.079
1080,1.020244607,9.42862127,1.08
1081,1.0191090147908133,9.438880587,1.081
1082,1.0179690013163494,9.449139904,1.082
1083,1.0169027388464793,9.459399221,1.083
1084,1.0159883996510726,9.469658538000001,1.084
1085,1.015304156,9.479917855,1.085
1086,1.0148986450962907,9.491309064000001,1.086
1087,1.014702363875611,9.502700273,1.087
1088,1.0146162742067857,9.514091482,1.088
1089,1.0145413379586403,9.525482690999999,1.089
1090,1.014378517,9.5368739,1.09
1091,1.014053657176024,9.5481853578,1.091
1092,1.0135921402372072,9.559496815600001,1.092
1093,1.0130442319103785,9.570808273399999,1.093
1094,1.0124601979223662,9.5821197312,1.094
1095,1.011890304,9.593431189,1.095
1096,1.0113759580236132,9.604728455000002,1.096
1097,1.0109231364875606,9.616025721,1.097
1098,1.0105289580397012,9.627322987000001,1.098
1099,1.0101905413278947,9.638620253,1.099
1100,1.0099050050000002,9.649917519,1.1
1101,1.0096637225615233,9.660830452399999,1.101
1102,1.009435086948551,9.671743385800001,1.102
1103,1.0091817459548178,9.6826563192,1.103
1104,1.0088663473740562,9.693569252600001,1.104
1105,1.008451539,9.704482186,1.105
1106,1.0079140952822945,9.7137623386,1.106
1107,1.007287297294235,9.7230424912,1.107
1108,1.006618552765028,9.7323226438,1.108
1109,1.0059552694238805,9.741602796399999,1.109
1110,1.005344855,9.750882949,1.11
1111,1.0048273489252983,9.761906631799999,1.111
1112,1.0044133174425092,9.7729303146,1.112
1113,1.0041059584970704,9.7839539974,1.113
1114,1.0039084700344212,9.7949776802,1.114
1115,1.00382405,9.806001363,1.115
1116,1.0038485755685116,9.8168315978,1.116
1117,1.003948640831729,9.827661832599999,1.117
1118,1.0040835191106903,9.8384920674,1.118
1119,1.0042124837264341,9.8493223022,1.119
1120,1.004294808,9.860152537,1.12
1121,1.0043001714406545,9.871621758799998,1.121
1122,1.004239878310576,9.8830909806,1.122
1123,1.00413563906017,9.8945602024,1.123
1124,1.0040091641398423,9.906029424200002,1.124
1125,1.0038821639999997,9.917498646,1.125
1126,1.00377613782087,9.927678542599999,1.126
1127,1.0037117397019686,9.937858439200001,1.127
1128,1.0037094124726313,9.9480383358,1.128
1129,1.0037895989621963,9.958218232400002,1.129
1130,1.003972742,9.968398129,1.13
1131,1.0042621438198645,9.979483193200002,1.131
1132,1.0045925442735508,9.9905682574,1.132
1133,1.004881542617305,10.001653321600001,1.133
1134,1.0050467381073724,10.012738385799999,1.134
1135,1.0050057299999997,10.02382345,1.135
1136,1.0047081573636718,10.034059158,1.136
1137,1.0042318185158288,10.044294866000001,1.137
1138,1.0036865515861495,10.054530574,1.138
1139,1.0031821947043134,10.064766282,1.139
1140,1.002828586,10.07500199,1.14
1141,1.0027097642374476,10.085419060000001,1.141
1142,1.0028065707191343,10.09583613,1.142
1143,1.003074047382097,10.1062532,1.143
1144,1.003467236163373,10.116670269999998,1.144
1145,1.003941179,10.12708734,1.145
1146,1.0044458667105374,10.138340319999998,1.146
1147,1.0049110856396344,10.1495933,1.147
1148,1.0052615710134627,10.16084628,1.148
1149,1.005422058058194,10.172099260000001,1.149
1150,1.005317282,10.18335224,1.15
1151,1.0049165716324027,10.194095018,1.151
1152,1.0043676300183284,10.204837796,1.152
1153,1.0038627537880522,10.215580574,1.153
1154,1.0035942395718505,10.226323352,1.154
1155,1.0037543840000003,10.23706613,1.155
1156,1.0044643108158513,10.24691045,1.156
1157,1.0055604522150536,10.25675477,1.157
1158,1.0068080675063296,10.26659909,1.158
1159,1.007972415998404,10.27644341,1.159
1160,1.0088187569999998,10.28628773,1.16
1161,1.009175294328192,10.29732347,1.161
1162,1.009122009833459,10.308359209999999,1.162
1163,1.0088018298746297,10.319394950000001,1.163
1164,1.0083576808105337,10.33043069,1.164
1165,1.0079324890000003,10.34146643,1.165
1166,1.0076472923673803,10.351603169999999,1.166
1167,1.0075355750991117,10.36173991,1.167
1168,1.0076089329471525,10.371876649999999,1.168
1169,1.0078789616634625,10.382013390000001,1.169
1170,1.008357257,10.39215013,1.17
1171,1.0090426927062865,10.402121768,1.171
1172,1.0098832545220953,10.412093405999999,1.172
1173,1.0108142061847605,10.422065044,1.173
1174,1.0117708114316166,10.432036681999998,1.174
1175,1.0126883340000001,10.44200832,1.175
1176,1.0135083515914725,10.452279167999999,1.176
1177,1.0141976977645075,10.462550016,1.177
1178,1.0147295200418063,10.472820864,1.178
1179,1.01507696594607,10.483091712,1.179
1180,1.0152131829999997,10.49336256,1.18
1181,1.015135104183823,10.505042968000001,1.181
1182,1.0149348043078747,10.516723376,1.182
1183,1.014728143640014,10.528403784,1.183
1184,1.0146309824481021,10.540084191999998,1.184
1185,1.014759181,10.5517646,1.185
1186,1.015187384553234,10.562502724,1.186
1187,1.0158253783239943,10.573240848000001,1.187
1188,1.0165417325181378,10.583978971999999,1.188
1189,1.0172050173415208,10.594717096,1.189
1190,1.017683803,10.60545522,1.19
1191,1.017890090491241,10.615998358,1.191
1192,1.017909603980148,10.626541496,1.192
1193,1.0178714984234347,10.637084634,1.193
1194,1.017904928777814,10.647627772,1.194
1195,1.01813905,10.65817091,1.195
1196,1.0186621879618023,10.66769479,1.196
1197,1.0193993521954139,10.67721867,1.197
1198,1.0202347231481241,10.68674255,1.198
1199,1.0210524812672233,10.69626643,1.199
1200,1.021736807,10.70579031,1.2
1201,1.0222019290135504,10.716247838000001,1.201
1202,1.0224822688541972,10.726705366,1.202
1203,1.0226422962880686,10.737162894,1.203
1204,1.022746481081293,10.747620421999999,1.204
1205,1.022859293,10.75807795,1.205
1206,1.0230327904959957,10.76802757,1.206
1207,1.023269386763798,10.77797719,1.207
1208,1.0235590836836026,10.78792681,1.208
1209,1.0238918831356045,10.79787643,1.209
1210,1.024257787,10.80782605,1.21
1211,1.0246485323544665,10.818113518,1.211
1212,1.0250627970666113,10.828400986,1.212
1213,1.0255009942015225,10.838688454,1.213
1214,1.0259635368242888,10.848975922,1.214
1215,1.026450838,10.85926339,1.215
1216,1.0269670351341376,10.869614751999999,1.216
1217,1.0275311629937576,10.879966114,1.217
1218,1.0281659806863086,10.890317476,1.218
1219,1.02889424731924,10.900668838000001,1.219
1220,1.029738722,10.9110202,1.22
1221,1.0307105403409824,10.921178576,1.221
1222,1.0317743439743587,10.931336951999999,1.222
1223,1.0328831510372436,10.941495328,1.223
1224,1.0339899796667518,10.951653703999998,1.224
1225,1.035047848,10.96181208,1.225
1226,1.036015447461932,10.971983025999998,1.226
1227,1.0368741626288085,10.982153972,1.227
1228,1.0376110513647188,10.992324918,1.228
1229,1.0382131715337526,11.002495864000002,1.229
1230,1.0386675809999997,11.01266681,1.23
1231,1.038975000843289,11.023832218,1.231
1232,1.0391908050064074,11.034997626,1.232
1233,1.0393840306478812,11.046163034000001,1.233
1234,1.0396237149262364,11.057328442,1.234
1235,1.039978895,11.06849385,1.235
1236,1.0404984966129107,11.077933958,1.236
1237,1.0411509998495614,11.087374066,1.237
1238,1.0418847733797563,11.096814173999999,1.238
1239,1.0426481858733008,11.106254282,1.239
1240,1.043389606,11.11569439,1.24
1241,1.0440709813690674,11.126524994,1.241
1242,1.0447085753473475,11.137355598,1.242
1243,1.0453322302410943,11.148186202,1.243
1244,1.0459717883565605,11.159016805999999,1.244
1245,1.0466570920000002,11.16984741,1.245
1246,1.047402776414821,11.179110577999998,1.246
1247,1.0481626485930498,11.188373746,1.247
1248,1.0488753084638684,11.197636913999998,1.248
1249,1.049479355956458,11.206900082,1.249
1250,1.0499133910000003,11.21616325,1.25
1251,1.0501473188836496,11.226241289999999,1.251
1252,1.0502762663364542,11.23631933,1.252
1253,1.0504266654474337,11.246397369999999,1.253
1254,1.050724948305609,11.25647541,1.254
1255,1.051297547,11.26655345,1.255
1256,1.0522212508665811,11.276480988000001,1.256
1257,1.053374278229135,11.286408526,1.257
1258,1.0545852046583988,11.296336064,1.258
1259,1.0556826057251079,11.306263602,1.259
1260,1.056495057,11.31619114,1.26
1261,1.0569063755940271,11.325111774,1.261
1262,1.0570213447790069,11.334032408,1.262
1263,1.0569999893669733,11.342953042,1.263
1264,1.0570023341699595,11.351873676,1.264
1265,1.0571884039999997,11.36079431,1.265
1266,1.0576783613093106,11.370799042,1.266
1267,1.0584329191108377,11.380803773999999,1.267
1268,1.0593729280577093,11.390808506,1.268
1269,1.0604192388030538,11.400813238,1.269
1270,1.061492702,11.41081797,1.27
1271,1.0625292602727303,11.423232105999999,1.271
1272,1.0635252241296431,11.435646242,1.272
1273,1.0644919960501908,11.448060378,1.273
1274,1.0654409785138257,11.460474514000001,1.274
1275,1.066383574,11.47288865,1.275
1276,1.0673239935277683,11.482185676,1.276
1277,1.0682376822745907,11.491482701999999,1.277
1278,1.0690928939575288,11.500779728000001,1.278
1279,1.0698578822936444,11.510076754,1.279
1280,1.0705009010000002,11.51937378,1.28
1281,1.071008646720197,11.527999853999999,1.281
1282,1.0714415878039956,11.536625928000001,1.282
1283,1.0718786355276955,11.545252002,1.283
1284,1.072398701167597,11.553878076000002,1.284
1285,1.0730806959999997,11.56250415,1.285
1286,1.0739748077034437,11.573554742,1.286
1287,1.0750163295654274,11.584605333999999,1.287
1288,1.076111831275689,11.595655926000001,1.288
1289,1.077167882523967,11.606706518,1.289
1290,1.0780910530000003,11.61775711,1.29
1291,1.078818469610028,11.627864877999999,1.291
1292,1.0794094881262957,11.637972646,1.292
1293,1.0799540215375492,11.648080413999999,1.293
1294,1.080541982832535,11.658188182,1.294
1295,1.0812632850000001,11.66829595,1.295
1296,1.082181118600445,11.678572476000001,1.296
1297,1.0832517844813914,11.688849002,1.297
1298,1.0844048610621153,11.699125528,1.298
1299,1.0855699267618923,11.709402053999998,1.299
1300,1.08667656,11.71967858,1.3
1301,1.087670637340192,11.730483404,1.301
1302,1.0885632279241393,11.741288228,1.302
1303,1.0893816990379903,11.752093052,1.303
1304,1.0901534179678942,11.762897876,1.304
1305,1.090905752,11.7737027,1.305
1306,1.0916572141187864,11.783003904000001,1.306
1307,1.0923909001020518,11.792305107999999,1.307
1308,1.093081051425924,11.801606312,1.308
1309,1.0937019095665304,11.810907515999999,1.309
1310,1.0942277160000002,11.82020872,1.31
1311,1.0946533325366627,11.82904408,1.311
1312,1.095056102323655,11.83787944,1.312
1313,1.095533988842316,11.8467148,1.313
1314,1.0961849555739847,11.855550160000002,1.314
1315,1.097106966,11.86438552,1.315
1316,1.0983597091745638,11.875368808000001,1.316
1317,1.0998497764433297,11.886352096,1.317
1318,1.1014454847248134,11.897335384000002,1.318
1319,1.1030151509375312,11.908318672,1.319
1320,1.104427092,11.91930196,1.32
1321,1.1055786336450826,11.928915779999999,1.321
1322,1.1064831368630277,11.9385296,1.322
1323,1.1071829714584316,11.94814342,1.323
1324,1.1077205072358904,11.957757240000001,1.324
1325,1.108138114,11.96737106,1.325
1326,1.1084731377331065,11.976982422,1.326
1327,1.1087428291285601,11.986593784,1.327
1328,1.1089594150574602,11.996205146,1.328
1329,1.1091351223909065,12.005816507999999,1.329
1330,1.109282178,12.01542787,1.33
1331,1.1094326262544907,12.02512194,1.331
1332,1.1096977815187319,12.03481601,1.332
1333,1.1102087756557277,12.04451008,1.333
1334,1.1110967405284824,12.05420415,1.334
1335,1.1124928079999998,12.06389822,1.335
1336,1.1144665317129312,12.074367196,1.336
1337,1.116841152428513,12.084836172,1.337
1338,1.1193783326876292,12.095305148000001,1.338
1339,1.1218397350311633,12.105774124,1.339
1340,1.123987022,12.1162431,1.34
1341,1.1256423685977848,12.126059783999999,1.341
1342,1.1268699996792169,12.135876468000001,1.342
1343,1.127794652561756,12.145693152,1.343
1344,1.1285410645628635,12.155509836000002,1.344
1345,1.129233973,12.16532652,1.345
1346,1.1299718759839288,12.175813122000001,1.346
1347,1.1307483147986204,12.186299724,1.347
1348,1.1315305915213476,12.196786326000002,1.348
1349,1.132286008229383,12.207272928,1.349
1350,1.132981867,12.21775953,1.35
1351,1.1335946120585003,12.22760943,1.351
1352,1.1341372562223029,12.23745933,1.352
1353,1.1346319544568548,12.24730923,1.353
1354,1.1351008617276048,12.257159130000002,1.354
1355,1.135566133,12.26700903,1.355
1356,1.1360461975902427,12.276675350400001,1.356
1357,1.136544582217551,12.2863416708,1.357
1358,1.1370610879518972,12.296007991200002,1.358
1359,1.1375955158632531,12.3056743116,1.359
1360,1.1381476670215915,12.315340632000002,1.36
1361,1.1387173424968844,12.3250069524,1.361
1362,1.1393043433591041,12.334673272800002,1.362
1363,1.1399084706782228,12.3443395932,1.363
1364,1.1405295255242127,12.354005913600002,1.364
1365,1.1411673089670458,12.363672234000001,1.365
1366,1.1418216220766948,12.373338554400002,1.366
1367,1.1424922659231311,12.383004874800001,1.367
1368,1.143179041576328,12.392671195200002,1.368
1369,1.1438817501062573,12.402337515600001,1.369
1370,1.144600192582891,12.412003836000002,1.37
1371,1.1453341700762012,12.421670156400001,1.371
1372,1.1460834836561613,12.431336476800002,1.372
1373,1.1468479343927418,12.441002797200001,1.373
1374,1.147627323355916,12.450669117600002,1.374
1375,1.148421451615656,12.460335438000001,1.375
1376,1.149230120241934,12.4700017584,1.376
1377,1.1500531303047221,12.479668078800001,1.377
1378,1.1508902828739924,12.4893343992,1.378
1379,1.1517413790197175,12.499000719600001,1.379
1380,1.1526062198118696,12.50866704,1.38
1381,1.1534846063204207,12.518333360400002,1.381
1382,1.1543763396153432,12.5279996808,1.382
1383,1.1552812207666094,12.537666001200002,1.383
1384,1.1561990508441908,12.5473323216,1.384
1385,1.1571296309180608,12.556998642000002,1.385
1386,1.1580727620581905,12.5666649624,1.386
1387,1.1590282453345533,12.576331282800002,1.387
1388,1.1599958818171203,12.5859976032,1.388
1389,1.1609754725758648,12.595663923600002,1.389
1390,1.1619668186807577,12.605330244,1.39
1391,1.1629697212017724,12.614996564400002,1.391
1392,1.1639839812088806,12.6246628848,1.392
1393,1.165009399772055,12.634329205200002,1.393
1394,1.166045777961267,12.6439955256,1.394
1395,1.1670929168464896,12.653661846000002,1.395
1396,1.1681506174976946,12.6633281664,1.396
1397,1.1692186809848546,12.6729944868,1.397
1398,1.1702969083779413,12.6826608072,1.398
1399,1.1713851007469276,12.6923271276,1.399
1400,1.172483059161785,12.701993448,1.4
1401,1.1735905846924863,12.7116597684,1.401
1402,1.1747074784090035,12.7213260888,1.402
1403,1.1758335413813086,12.7309924092,1.403
1404,1.1769685746793743,12.7406587296,1.404
1405,1.178112379373173,12.75032505,1.405
1406,1.1792647565326755,12.7599913704,1.406
1407,1.180425507227856,12.7696576908,1.407
1408,1.1815944325286856,12.7793240112,1.408
1409,1.1827713335051366,12.7889903316,1.409
1410,1.1839560112271812,12.798656652,1.41
1411,1.1851482667647923,12.808322972400001,1.411
1412,1.1863479011879412,12.8179892928,1.412
1413,1.1875547155666006,12.827655613200001,1.413
1414,1.1887685109707424,12.8373219336,1.414
1415,1.1899890884703397,12.846988254000001,1.415
1416,1.1912162491353637,12.8566545744,1.416
1417,1.1924497940357872,12.866320894800001,1.417
1418,1.1936895242415824,12.8759872152,1.418
1419,1.1949352408227212,12.885653535600001,1.419
1420,1.196186744849176,12.895319856,1.42
1421,1.1974438373909198,12.904986176400001,1.421
1422,1.1987063195179235,12.9146524968,1.422
1423,1.1999739923001598,12.924318817200001,1.423
1424,1.2012466568076015,12.9339851376,1.424
1425,1.2025241141102203,12.943651458000001,1.425
1426,1.2038061652779883,12.9533177784,1.426
1427,1.2050926113808784,12.962984098800002,1.427
1428,1.2063832534888617,12.9726504192,1.428
1429,1.2076778926719118,12.982316739600002,1.429
1430,1.20897633,12.99198306,1.43
1431,1.2102804126049784,13.001636348000002,1.431
1432,1.2116001718662175,13.011289636,1.432
1433,1.2129476852249674,13.020942924,1.433
1434,1.214335030122478,13.030596211999999,1.434
1435,1.215774284,13.0402495,1.435
1436,1.21726302388653,13.050169517999999,1.436
1437,1.2187408251620588,13.060089536,1.437
1438,1.2201327627943217,13.070009554,1.438
1439,1.2213639117510569,13.079929572000001,1.439
1440,1.222359347,13.08984959,1.44
1441,1.2230798157928997,13.09875757,1.441
1442,1.2236287545175475,13.10766555,1.442
1443,1.224145271845745,13.11657353,1.443
1444,1.2247684764492948,13.12548151,1.444
1445,1.225637477,13.13438949,1.445
1446,1.226841863685871,13.146213414,1.446
1447,1.2282731527597528,13.158037338000002,1.447
1448,1.2297733419906989,13.169861262,1.448
1449,1.2311844291477636,13.181685186000001,1.449
1450,1.232348412,13.19350911,1.45
1451,1.2331562592316172,13.201657160000002,1.451
1452,1.2336948231874427,13.20980521,1.452
1453,1.2340999271274598,13.21795326,1.453
1454,1.2345073943116507,13.226101309999999,1.454
1455,1.235053048,13.23424936,1.455
1456,1.235834993947661,13.243918527999998,1.456
1457,1.2368004678904772,13.253587696,1.457
1458,1.2378589880594626,13.263256863999999,1.458
1459,1.2389200726856324,13.272926032,1.459
1460,1.2398932399999998,13.2825952,1.46
1461,1.240731213681738,13.292022176,1.461
1462,1.2415595392026482,13.301449151999998,1.462
1463,1.2425469674826892,13.310876128,1.463
1464,1.2438622494418197,13.320303103999999,1.464
1465,1.245674136,13.32973008,1.465
1466,1.2480538814373865,13.338833891999998,1.466
1467,1.2506827534749307,13.347937704,1.467
1468,1.2531445231937814,13.357041515999999,1.468
1469,1.2550229616750883,13.366145328,1.469
1470,1.25590184,13.37524914,1.47
1471,1.2555384244167151,13.384438944,1.471
1472,1.254383961841629,13.393628748,1.472
1473,1.2530631943581851,13.402818552,1.473
1474,1.2522008640498272,13.412008356,1.474
1475,1.2524217129999997,13.42119816,1.475
1476,1.2541385954877518,13.429991121999999,1.476
1477,1.2569168145745535,13.438784084,1.477
1478,1.2601097855174783,13.447577046,1.478
1479,1.2630709235736028,13.456370008,1.479
1480,1.2651536439999997,13.46516297,1.48
1481,1.265911621384276,13.476051242,1.481
1482,1.2656995676361578,13.486939514,1.482
1483,1.2650724539959006,13.497827786,1.483
1484,1.2645852517037626,13.508716058,1.484
1485,1.264792932,13.51960433,1.485
1486,1.266085227135143,13.528731089999999,1.486
1487,1.268190913400817,13.53785785,1.487
1488,1.2706735280989185,13.546984609999999,1.488
1489,1.273096608531347,13.55611137,1.489
1490,1.275023692,13.56523813,1.49
1491,1.276144321507151,13.575221912,1.491
1492,1.2766520628565758,13.585205693999999,1.492
1493,1.276866487552425,13.595189476,1.493
1494,1.2771071670988492,13.605173257999999,1.494
1495,1.2776936730000001,13.61515704,1.495
1496,1.2788551813402524,13.624179967999998,1.496
1497,1.280459286524881,13.633202896,1.497
1498,1.2822831875393825,13.642225823999999,1.498
1499,1.284104083369256,13.651248752,1.499
1500,1.2856991730000003,13.66027168,1.5
1501,1.2869069370518387,13.670147219999999,1.501
1502,1.2878109826839022,13.68002276,1.502
1503,1.2885561986900458,13.6898983,1.503
1504,1.2892874738641267,13.69977384,1.504
1505,1.290149697,13.70964938,1.505
1506,1.291250267356393,13.719240654,1.506
1507,1.292546626051512,13.728831928,1.507
1508,1.293958724668435,13.738423202,1.508
1509,1.2954065147902378,13.748014476,1.509
1510,1.2968099479999997,13.75760575,1.51
1511,1.29811857505059,13.768840994,1.511
1512,1.2994003433740504,13.780076238000001,1.512
1513,1.3007527995722155,13.791311482,1.513
1514,1.3022734902469206,13.802546726000001,1.514
1515,1.3040599620000002,13.81378197,1.515
1516,1.3061580134972473,13.822569536000001,1.516
1517,1.3084064516602871,13.831357102,1.517
1518,1.3105923354747038,13.840144668,1.518
1519,1.3125027239260796,13.848932234,1.519
1520,1.313924676,13.8577198,1.52
1521,1.3147254421604222,13.867273394,1.521
1522,1.315093038784802,13.876826988000001,1.522
1523,1.3152956737289714,13.886380582,1.523
1524,1.3156015548487603,13.895934176,1.524
1525,1.31627889,13.90548777,1.525
1526,1.317521206741065,13.914346434,1.526
1527,1.3192233114405048,13.923205098,1.527
1528,1.3212053301694122,13.932063762,1.528
1529,1.323287388998879,13.940922426,1.529
1530,1.325289614,13.94978109,1.53
1531,1.3270701930193174,13.958937092,1.531
1532,1.328639561005179,13.968093094,1.532
1533,1.3300462146813814,13.977249096,1.533
1534,1.331338650771723,13.986405098,1.534
1535,1.3325653660000003,13.9955611,1.535
1536,1.3337644024536646,14.005722960000002,1.536
1537,1.33493198367478,14.01588482,1.537
1538,1.3360538785690628,14.02604668,1.538
1539,1.3371158560422303,14.036208539999999,1.539
1540,1.338103685,14.0463704,1.54
1541,1.339010213374025,14.05490977,1.541
1542,1.3398566051997032,14.063449140000001,1.542
1543,1.340671103538369,14.071988509999999,1.543
1544,1.3414819514513563,14.08052788,1.544
1545,1.342317392,14.08906725,1.545
1546,1.3432020475222357,14.097809904,1.546
1547,1.3441460574624085,14.106552557999999,1.547
1548,1.3451559405414628,14.115295212000001,1.548
1549,1.3462382154803445,14.124037866,1.549
1550,1.347399401,14.13278052,1.55
1551,1.3486433820250312,14.143434988,1.551
1552,1.3499635082946642,14.154089456000001,1.552
1553,1.3513504957517817,14.164743924,1.553
1554,1.352795060339266,14.175398392000002,1.554
1555,1.3542879179999998,14.18605286,1.555
1556,1.3558155839536399,14.194850208,1.556
1557,1.3573477705269361,14.203647556,1.557
1558,1.3588499893234125,14.212444904,1.558
1559,1.360287751946592,14.221242252,1.559
1560,1.36162657,14.2300396,1.56
1561,1.3628505505364095,14.238440884,1.561
1562,1.3640181824055928,14.246842168,1.562
1563,1.3652065499065709,14.255243451999998,1.563
1564,1.3664927373383662,14.263644736,1.564
1565,1.367953829,14.27204602,1.565
1566,1.369621316372722,14.284065254000001,1.566
1567,1.3713443196666937,14.296084488,1.567
1568,1.3729263662743043,14.308103722,1.568
1569,1.3741709835879432,14.320122955999999,1.569
1570,1.3748816990000001,14.33214219,1.57
1571,1.3749532336687025,14.340364938,1.571
1572,1.3746450838156332,14.348587686,1.572
1573,1.374307939428212,14.356810434,1.573
1574,1.374292490493861,14.365033182,1.574
1575,1.374949427,14.37325593,1.575
1576,1.3765099826564682,14.382352716,1.576
1577,1.378727566062775,14.391449501999999,1.577
1578,1.3812361295408477,14.400546288000001,1.578
1579,1.383669625412613,14.409643074,1.579
1580,1.3856620060000002,14.41873986,1.58
1581,1.3869610672734254,14.429284786,1.581
1582,1.3877699797972685,14.439829712000002,1.582
1583,1.388405757784399,14.450374638,1.583
1584,1.3891854154476861,14.460919564000001,1.584
1585,1.390425967,14.47146449,1.585
1586,1.392328691121831,14.481103258000001,1.586
1587,1.3946319243641525,14.490742026,1.587
1588,1.3969582677455583,14.500380794000002,1.588
1589,1.3989303222846428,14.510019562,1.589
1590,1.4001706890000003,14.51965833,1.59
1591,1.4004273538632512,14.529034176,1.591
1592,1.399949842658123,14.538410022,1.592
1593,1.3991130661213693,14.547785868,1.593
1594,1.3982919349897438,14.557161714000001,1.594
1595,1.3978613599999998,14.56653756,1.595
1596,1.3980866198171646,14.574960756000001,1.596
1597,1.3987944648193564,14.583383952,1.597
1598,1.3997020133129654,14.591807148000001,1.598
1599,1.4005263836043826,14.600230344,1.599
1600,1.400984694,14.60865354,1.6
1601,1.4009144116760899,14.617507805999999,1.601
1602,1.4006343992884522,14.626362072000001,1.602
1603,1.4005838683627703,14.635216338,1.603
1604,1.4012020304247255,14.644070604000001,1.604
1605,1.4029280969999998,14.65292487,1.605
1606,1.4060242018064766,14.663634982000001,1.606
1607,1.4100441673308348,14.674345094,1.607
1608,1.4143647382519553,14.685055206,1.608
1609,1.4183626592487162,14.695765317999998,1.609
1610,1.421414675,14.70647543,1.61
1611,1.4230900921460043,14.716450517999998,1.611
1612,1.4237284651722086,14.726425606,1.612
1613,1.4238619105254107,14.736400694,1.613
1614,1.4240225446524084,14.746375782000001,1.614
1615,1.4247424839999998,14.75635087,1.615
1616,1.4263990204415051,14.76928112,1.616
1617,1.4287501475563302,14.782211369999999,1.617
1618,1.4313990343504026,14.79514162,1.618
1619,1.4339488498296495,14.80807187,1.619
1620,1.436002763,14.82100212,1.62
1621,1.4372792537839754,14.826527294,1.621
1622,1.4379580457704717,14.832052468,1.622
1623,1.4383341734649806,14.837577642,1.623
1624,1.438702671372993,14.843102816,1.624
1625,1.4393585739999997,14.84862799,1.625
1626,1.4405074389265944,14.858037692,1.626
1627,1.4419969160337838,14.867447394000001,1.627
1628,1.443585178277675,14.876857096,1.628
1629,1.4450303986143775,14.886266798000001,1.629
1630,1.4460907500000002,14.8956765,1.63
1631,1.4466103951576454,14.905965404000002,1.631
1632,1.4467774558783941,14.916254308000001,1.632
1633,1.44686604372032,14.926543212,1.633
1634,1.447150270241497,14.936832116,1.634
1635,1.447904247,14.94712102,1.635
1636,1.4493070813228233,14.956037784,1.636
1637,1.4511578636126412,14.964954548000001,1.637
1638,1.4531606800410466,14.973871312,1.638
1639,1.4550196167796352,14.982788076000002,1.639
1640,1.45643876,14.99170484,1.64
1641,1.4572205362390611,14.998148794,1.641
1642,1.4575607334950427,15.004592748,1.642
1643,1.4577534801314933,15.011036702,1.643
1644,1.4580929045119624,15.017480656,1.644
1645,1.4588731350000002,15.02392461,1.645
1646,1.4603101929289315,15.035499463999999,1.646
1647,1.4623076715111896,15.047074318,1.647
1648,1.4646910569289808,15.058649171999999,1.648
1649,1.4672858353645153,15.070224026,1.649
1650,1.4699174929999999,15.08179888,1.65
1651,1.4724167707572122,15.089906064000001,1.651
1652,1.4746354285162009,15.098013247999999,1.652
1653,1.4764304808965838,15.106120432,1.653
1654,1.4776589425179771,15.114227615999999,1.654
1655,1.478177828,15.1223348,1.655
1656,1.4779229814262198,15.133032148,1.656
1657,1.4771455647360077,15.143729496,1.657
1658,1.476175569332686,15.154426844,1.658
1659,1.475342986619576,15.165124192,1.659
1660,1.4749778080000002,15.17582154,1.66
1661,1.475299067897909,15.18712417,1.661
1662,1.4760819728197687,15.1984268,1.662
1663,1.4769907722926743,15.20972943,1.663
1664,1.4776897158437194,15.221032059999999,1.664
1665,1.477843053,15.23233469,1.665
1666,1.4771439802141446,15.241343491999999,1.666
1667,1.4754014816409176,15.250352294,1.667
1668,1.472453488360619,15.259361096,1.668
1669,1.4681379314535463,15.268369898000001,1.669
1670,1.4622927419999998,15.2773787,1.67
1671,1.4549264797895118,15.291383986000001,1.671
1672,1.44673021944856,15.305389272,1.672
1673,1.4385656643128497,15.319394558,1.673
1674,1.431294517718094,15.333399843999999,1.674
1675,1.425778483,15.34740513,1.675
1676,1.4226604673558048,15.355827842,1.676
1677,1.4217081934288438,15.364250554,1.677
1678,1.422470587723981,15.372673266,1.678
1679,1.424496576746079,15.381095978,1.679
1680,1.4273350869999997,15.38951869,1.68
1681,1.4306708892192697,15.406105272000001,1.681
1682,1.4347321310520649,15.422691853999998,1.682
1683,1.4398828043752259,15.439278436,1.683
1684,1.4464869010655899,15.455865017999997,1.684
1685,1.454908413,15.4724516,1.685
1686,1.4653286050951153,15.477204601999999,1.686
1687,1.4771978344268963,15.481957604,1.687
1688,1.4897837311111162,15.486710605999999,1.688
1689,1.5023539252635598,15.491463608,1.689
1690,1.5141760470000003,15.49621661,1.69
1691,1.5246716130402664,15.503676392000001,1.691
1692,1.5338776865203534,15.511136173999999,1.692
1693,1.5419852171803101,15.518595956,1.693
1694,1.5491851547601756,15.526055737999998,1.694
1695,1.5556684489999995,15.53351552,1.695
1696,1.5616260496398215,15.538076561999999,1.696
1697,1.5672489064196902,15.542637604,1.697
1698,1.5727279690796454,15.547198646,1.698
1699,1.5782541873597349,15.551759688,1.699
1700,1.584018511,15.55632073,1.7
